[img]https://nattadasu-repo.imfast.io/assets/mal-profile-page/v4/b/,%210.png,[/img]
[img]https://nattadasu-repo.imfast.io/assets/mal-profile-page/v4/b/,%230.png,[/img]
[img]https://nattadasu-repo.imfast.io/assets/mal-profile-page/v4/b/,%231.png,[/img]
[img]https://nattadasu-repo.imfast.io/assets/mal-profile-page/v4/b/,%232.png,[/img]
[img]https://nattadasu-repo.imfast.io/assets/mal-profile-page/v4/b/,%233.png,[/img]
[img]https://nattadasu-repo.imfast.io/assets/mal-profile-page/v4/b/,%234.png,[/img]
[img]https://nattadasu-repo.imfast.io/assets/mal-profile-page/v4/b/,%235.png,[/img]
[img]https://nattadasu-repo.imfast.io/assets/mal-profile-page/v4/b/,%236.png,[/img]
[img]https://nattadasu-repo.imfast.io/assets/mal-profile-page/v4/b/,%237.png,[/img]
[img]https://nattadasu-repo.imfast.io/assets/mal-profile-page/v4/b/,%238.png,[/img]
[img]https://nattadasu-repo.imfast.io/assets/mal-profile-page/v4/b/,%239.png,[/img]
[img]https://nattadasu-repo.imfast.io/assets/mal-profile-page/v4/b/,%2310.png,[/img]
[img]https://nattadasu-repo.imfast.io/assets/mal-profile-page/v4/b/,%2311.png,[/img]
[img]https://nattadasu-repo.imfast.io/assets/mal-profile-page/v4/b/,%2312.png,[/img]
[img]https://nattadasu-repo.imfast.io/assets/mal-profile-page/v4/b/,%2313.png,[/img]
[img]https://nattadasu-repo.imfast.io/assets/mal-profile-page/v4/b/,%2314.png,[/img]
[img]https://nattadasu-repo.imfast.io/assets/mal-profile-page/v4/b/,%240.png,[/img]
[img]https://nattadasu-repo.imfast.io/assets/mal-profile-page/v4/b/,%260.png,[/img]
[img]https://nattadasu-repo.imfast.io/assets/mal-profile-page/v4/b/,%261.png,[/img]
[img]https://nattadasu-repo.imfast.io/assets/mal-profile-page/v4/b/,%262.png,[/img]
[img]https://nattadasu-repo.imfast.io/assets/mal-profile-page/v4/b/,%263.png,[/img]
[img]https://nattadasu-repo.imfast.io/assets/mal-profile-page/v4/b/,%264.png,[/img]
[img]https://nattadasu-repo.imfast.io/assets/mal-profile-page/v4/b/,%265.png,[/img]
[img]https://nattadasu-repo.imfast.io/assets/mal-profile-page/v4/b/,%266.png,[/img]
[img]https://nattadasu-repo.imfast.io/assets/mal-profile-page/v4/b/,%280.png,[/img]
[img]https://nattadasu-repo.imfast.io/assets/mal-profile-page/v4/b/,%290.png,[/img]
[img]https://nattadasu-repo.imfast.io/assets/mal-profile-page/v4/b/,%291.png,[/img]
[img]https://nattadasu-repo.imfast.io/assets/mal-profile-page/v4/b/,%2B0.png,[/img]
[img]https://nattadasu-repo.imfast.io/assets/mal-profile-page/v4/b/,a0.png,[/img]
[img]https://nattadasu-repo.imfast.io/assets/mal-profile-page/v4/b/,a1.png,[/img]
[img]https://nattadasu-repo.imfast.io/assets/mal-profile-page/v4/b/,a2.png,[/img]
[img]https://nattadasu-repo.imfast.io/assets/mal-profile-page/v4/b/,a3.png,[/img]
[img]https://nattadasu-repo.imfast.io/assets/mal-profile-page/v4/b/,a4.png,[/img]
[img]https://nattadasu-repo.imfast.io/assets/mal-profile-page/v4/b/,a5.png,[/img]
[img]https://nattadasu-repo.imfast.io/assets/mal-profile-page/v4/b/,a6.png,[/img]
[img]https://nattadasu-repo.imfast.io/assets/mal-profile-page/v4/b/,a7.png,[/img]
[img]https://nattadasu-repo.imfast.io/assets/mal-profile-page/v4/b/,a8.png,[/img]
[img]https://nattadasu-repo.imfast.io/assets/mal-profile-page/v4/b/,b0.png,[/img]
[img]https://nattadasu-repo.imfast.io/assets/mal-profile-page/v4/b/,c0.png,[/img]
[img]https://nattadasu-repo.imfast.io/assets/mal-profile-page/v4/b/,c1.png,[/img]
[img]https://nattadasu-repo.imfast.io/assets/mal-profile-page/v4/b/,c2.png,[/img]
[img]https://nattadasu-repo.imfast.io/assets/mal-profile-page/v4/b/,d0.png,[/img]
[img]https://nattadasu-repo.imfast.io/assets/mal-profile-page/v4/b/,e0.png,[/img]
[img]https://nattadasu-repo.imfast.io/assets/mal-profile-page/v4/b/,e1.png,[/img]
[img]https://nattadasu-repo.imfast.io/assets/mal-profile-page/v4/b/,f0.png,[/img]
[img]https://nattadasu-repo.imfast.io/assets/mal-profile-page/v4/b/,g0.png,[/img]
[img]https://nattadasu-repo.imfast.io/assets/mal-profile-page/v4/b/,g1.png,[/img]
[img]https://nattadasu-repo.imfast.io/assets/mal-profile-page/v4/b/,h0.png,[/img]
[img]https://nattadasu-repo.imfast.io/assets/mal-profile-page/v4/b/,i0.png,[/img]
[img]https://nattadasu-repo.imfast.io/assets/mal-profile-page/v4/b/,i1.png,[/img]
[img]https://nattadasu-repo.imfast.io/assets/mal-profile-page/v4/b/,i2.png,[/img]
[img]https://nattadasu-repo.imfast.io/assets/mal-profile-page/v4/b/,j0.png,[/img]
[img]https://nattadasu-repo.imfast.io/assets/mal-profile-page/v4/b/,j1.png,[/img]
[img]https://nattadasu-repo.imfast.io/assets/mal-profile-page/v4/b/,j2.png,[/img]
[img]https://nattadasu-repo.imfast.io/assets/mal-profile-page/v4/b/,j3.png,[/img]
[img]https://nattadasu-repo.imfast.io/assets/mal-profile-page/v4/b/,j4.png,[/img]
[img]https://nattadasu-repo.imfast.io/assets/mal-profile-page/v4/b/,k0.png,[/img]
[img]https://nattadasu-repo.imfast.io/assets/mal-profile-page/v4/b/,k1.png,[/img]
[img]https://nattadasu-repo.imfast.io/assets/mal-profile-page/v4/b/,k2.png,[/img]
[img]https://nattadasu-repo.imfast.io/assets/mal-profile-page/v4/b/,l0.png,[/img]
[img]https://nattadasu-repo.imfast.io/assets/mal-profile-page/v4/b/,m0.png,[/img]
[img]https://nattadasu-repo.imfast.io/assets/mal-profile-page/v4/b/,m1.png,[/img]
[img]https://nattadasu-repo.imfast.io/assets/mal-profile-page/v4/b/,m2.png,[/img]
[img]https://nattadasu-repo.imfast.io/assets/mal-profile-page/v4/b/,m3.png,[/img]
[img]https://nattadasu-repo.imfast.io/assets/mal-profile-page/v4/b/,m4.png,[/img]
[img]https://nattadasu-repo.imfast.io/assets/mal-profile-page/v4/b/,n0.png,[/img]
[img]https://nattadasu-repo.imfast.io/assets/mal-profile-page/v4/b/,n1.png,[/img]
[img]https://nattadasu-repo.imfast.io/assets/mal-profile-page/v4/b/,n2.png,[/img]
[img]https://nattadasu-repo.imfast.io/assets/mal-profile-page/v4/b/,n3.png,[/img]
[img]https://nattadasu-repo.imfast.io/assets/mal-profile-page/v4/b/,n4.png,[/img]
[img]https://nattadasu-repo.imfast.io/assets/mal-profile-page/v4/b/,n5.png,[/img]
[img]https://nattadasu-repo.imfast.io/assets/mal-profile-page/v4/b/,n6.png,[/img]
[img]https://nattadasu-repo.imfast.io/assets/mal-profile-page/v4/b/,n7.png,[/img]
[img]https://nattadasu-repo.imfast.io/assets/mal-profile-page/v4/b/,n8.png,[/img]
[img]https://nattadasu-repo.imfast.io/assets/mal-profile-page/v4/b/,o0.png,[/img]
[img]https://nattadasu-repo.imfast.io/assets/mal-profile-page/v4/b/,o1.png,[/img]
[img]https://nattadasu-repo.imfast.io/assets/mal-profile-page/v4/b/,o2.png,[/img]
[img]https://nattadasu-repo.imfast.io/assets/mal-profile-page/v4/b/,p0.png,[/img]
[img]https://nattadasu-repo.imfast.io/assets/mal-profile-page/v4/b/,q0.png,[/img]
[img]https://nattadasu-repo.imfast.io/assets/mal-profile-page/v4/b/,q1.png,[/img]
[img]https://nattadasu-repo.imfast.io/assets/mal-profile-page/v4/b/,q2.png,[/img]
[img]https://nattadasu-repo.imfast.io/assets/mal-profile-page/v4/b/,r0.png,[/img]
[img]https://nattadasu-repo.imfast.io/assets/mal-profile-page/v4/b/,s0.png,[/img]
[img]https://nattadasu-repo.imfast.io/assets/mal-profile-page/v4/b/,s1.png,[/img]
[img]https://nattadasu-repo.imfast.io/assets/mal-profile-page/v4/b/,s2.png,[/img]
[img]https://nattadasu-repo.imfast.io/assets/mal-profile-page/v4/b/,s3.png,[/img]
[img]https://nattadasu-repo.imfast.io/assets/mal-profile-page/v4/b/,s4.png,[/img]
[img]https://nattadasu-repo.imfast.io/assets/mal-profile-page/v4/b/,s5.png,[/img]
[img]https://nattadasu-repo.imfast.io/assets/mal-profile-page/v4/b/,s6.png,[/img]
[img]https://nattadasu-repo.imfast.io/assets/mal-profile-page/v4/b/,s7.png,[/img]
[img]https://nattadasu-repo.imfast.io/assets/mal-profile-page/v4/b/,s8.png,[/img]
[img]https://nattadasu-repo.imfast.io/assets/mal-profile-page/v4/b/,s9.png,[/img]
[img]https://nattadasu-repo.imfast.io/assets/mal-profile-page/v4/b/,s10.png,[/img]
[img]https://nattadasu-repo.imfast.io/assets/mal-profile-page/v4/b/,s11.png,[/img]
[img]https://nattadasu-repo.imfast.io/assets/mal-profile-page/v4/b/,s12.png,[/img]
[img]https://nattadasu-repo.imfast.io/assets/mal-profile-page/v4/b/,t0.png,[/img]
[img]https://nattadasu-repo.imfast.io/assets/mal-profile-page/v4/b/,u0.png,[/img]
[img]https://nattadasu-repo.imfast.io/assets/mal-profile-page/v4/b/,u1.png,[/img]
[img]https://nattadasu-repo.imfast.io/assets/mal-profile-page/v4/b/,u2.png,[/img]
[img]https://nattadasu-repo.imfast.io/assets/mal-profile-page/v4/b/,u3.png,[/img]
[img]https://nattadasu-repo.imfast.io/assets/mal-profile-page/v4/b/,u4.png,[/img]
[img]https://nattadasu-repo.imfast.io/assets/mal-profile-page/v4/b/,u5.png,[/img]
[img]https://nattadasu-repo.imfast.io/assets/mal-profile-page/v4/b/,u6.png,[/img]
[img]https://nattadasu-repo.imfast.io/assets/mal-profile-page/v4/b/,u7.png,[/img]
[img]https://nattadasu-repo.imfast.io/assets/mal-profile-page/v4/b/,u8.png,[/img]
[img]https://nattadasu-repo.imfast.io/assets/mal-profile-page/v4/b/,v0.png,[/img]
[img]https://nattadasu-repo.imfast.io/assets/mal-profile-page/v4/b/,w0.png,[/img]
